date,open,high,low,close,volume,market cap
2017-08-17,4261.480,4485.390,4200.740,4285.080,795.150,795.150
2017-08-18,4285.080,4371.520,3938.770,4108.370,1199.888,1199.888
2017-08-19,4108.370,4184.690,3850.000,4139.980,381.310,381.310
2017-08-20,4120.980,4211.080,4032.620,4086.290,467.083,467.083
2017-08-21,4069.130,4119.620,3911.790,4016.000,691.743,691.743
2017-08-22,4016.000,4104.820,3400.000,4040.000,966.685,966.685
2017-08-23,4040.000,4265.800,4013.890,4114.010,1001.137,1001.137
2017-08-24,4147.000,4371.680,4085.010,4316.010,787.419,787.419
2017-08-25,4316.010,4453.910,4247.480,4280.680,573.613,573.613
2017-08-26,4280.710,4367.000,4212.410,4337.440,228.108,228.108
2017-08-27,4332.510,4400.000,4285.540,4310.010,350.693,350.693
2017-08-28,4310.010,4399.820,4124.540,4386.690,603.842,603.842
2017-08-29,4353.650,4625.850,4313.550,4587.480,603.545,603.545
2017-08-30,4564.520,4647.510,4416.010,4555.140,808.469,808.469
2017-08-31,4555.140,4745.420,4555.140,4724.890,556.957,556.957
2017-09-01,4689.890,4885.550,4654.880,4834.910,560.666,560.666
2017-09-02,4796.160,4939.190,4286.870,4472.140,929.149,929.149
2017-09-03,4508.500,4714.760,4298.330,4509.080,691.216,691.216
2017-09-04,4505.000,4527.490,3972.510,4100.110,1394.645,1394.645
2017-09-05,4106.970,4484.990,3603.000,4366.470,1228.938,1228.938
2017-09-06,4366.490,4662.870,4335.260,4619.770,807.364,807.364
2017-09-07,4619.770,4788.590,4438.190,4691.610,500.430,500.430
2017-09-08,4691.660,4735.390,4028.930,4282.800,1132.255,1132.255
2017-09-09,4282.800,4426.620,4150.060,4258.810,658.783,658.783
2017-09-10,4258.810,4283.000,3801.000,4130.370,660.373,660.373
2017-09-11,4153.620,4334.430,4098.910,4208.470,699.989,699.989
2017-09-12,4208.600,4394.590,4040.800,4163.720,879.630,879.630
2017-09-13,4159.720,4165.380,3760.000,3944.690,913.463,913.463
2017-09-14,3944.000,3993.000,3165.130,3189.020,1665.022,1665.022
2017-09-15,3188.010,3856.000,2817.000,3700.000,1968.866,1968.866
2017-09-16,3674.010,3950.000,3470.660,3714.950,1297.564,1297.564
2017-09-17,3685.230,3748.210,3499.020,3699.990,682.171,682.171
2017-09-18,3690.000,4123.200,3690.000,4035.010,1030.006,1030.006
2017-09-19,4060.000,4089.970,3830.910,3910.040,902.332,902.332
2017-09-20,3910.040,4046.080,3820.000,3900.000,720.935,720.935
2017-09-21,3889.990,3910.000,3567.000,3609.990,1001.654,1001.654
2017-09-22,3592.840,3750.000,3505.550,3595.870,838.966,838.966
2017-09-23,3595.880,3817.190,3542.910,3780.000,752.793,752.793
2017-09-24,3779.540,3789.990,3622.760,3660.020,661.636,661.636
2017-09-25,3660.020,3979.870,3653.690,3920.750,727.995,727.995
2017-09-26,3928.000,3976.990,3850.050,3882.350,526.728,526.728
2017-09-27,3882.360,4249.940,3872.810,4193.000,628.171,628.171
2017-09-28,4192.110,4300.000,4101.000,4174.500,849.785,849.785
2017-09-29,4178.980,4263.860,3952.010,4174.690,1602.310,1602.310
2017-09-30,4175.000,4380.000,4138.100,4378.510,720.353,720.353
2017-10-01,4378.490,4406.520,4240.040,4378.480,726.964,726.964
2017-10-02,4400.000,4561.630,4360.000,4380.000,655.757,655.757
2017-10-03,4380.000,4467.330,4180.800,4310.000,1082.324,1082.324
2017-10-04,4314.900,4373.000,4142.000,4208.590,868.465,868.465
2017-10-05,4208.590,4355.000,4110.000,4292.430,779.139,779.139
2017-10-06,4318.990,4417.000,4292.000,4369.000,506.529,506.529
2017-10-07,4369.000,4479.500,4312.560,4423.000,297.598,297.598
2017-10-08,4425.000,4658.000,4425.000,4640.000,518.462,518.462
2017-10-09,4640.000,4889.980,4550.000,4786.950,646.463,646.463
2017-10-10,4786.950,4960.000,4680.590,4783.060,1043.222,1043.222
2017-10-11,4783.060,4881.610,4710.000,4821.430,753.429,753.429
2017-10-12,4821.430,5439.990,4810.160,5430.000,1276.701,1276.701
2017-10-13,5439.990,5846.170,5379.840,5649.980,1879.828,1879.828
2017-10-14,5650.000,5900.000,5580.010,5869.990,970.759,970.759
2017-10-15,5855.030,5922.300,5400.010,5709.990,1343.523,1343.523
2017-10-16,5710.000,5788.910,5585.190,5760.020,1528.996,1528.996
2017-10-17,5760.000,5774.980,5508.630,5595.000,1429.869,1429.869
2017-10-18,5595.000,5596.000,5037.950,5512.060,2317.804,2317.804
2017-10-19,5513.000,5710.000,5490.260,5683.900,1881.722,1881.722
2017-10-20,5683.310,6110.000,5600.000,6010.010,1972.977,1972.977
2017-10-21,6013.720,6171.000,5850.030,6024.970,1664.308,1664.308
2017-10-22,6003.270,6060.000,5720.030,5950.020,1362.092,1362.092
2017-10-23,5975.000,6080.000,5621.030,5915.930,1812.558,1812.558
2017-10-24,5909.470,5925.000,5450.000,5477.030,2580.419,2580.419
2017-10-25,5506.920,5704.960,5286.980,5689.990,2282.813,2282.813
2017-10-26,5670.100,5939.990,5650.000,5861.770,1972.966,1972.966
2017-10-27,5861.770,5980.000,5649.240,5768.830,1403.706,1403.706
2017-10-28,5768.790,5850.020,5630.030,5719.640,1276.754,1276.754
2017-10-29,5709.980,6189.880,5648.010,6169.980,1804.778,1804.778
2017-10-30,6133.010,6248.680,6030.000,6120.500,1473.687,1473.687
2017-10-31,6120.520,6498.010,6100.000,6463.000,1511.775,1511.775
2017-11-01,6463.000,6774.670,6338.020,6753.980,1675.615,1675.615
2017-11-02,6753.980,7300.000,6685.100,7019.980,2503.611,2503.611
2017-11-03,7010.310,7346.340,6923.000,7115.040,1891.498,1891.498
2017-11-04,7115.020,7480.990,6901.000,7357.090,1399.192,1399.192
2017-11-05,7357.270,7590.250,7279.020,7345.010,1207.832,1207.832
2017-11-06,7345.100,7401.000,6906.000,6960.120,1763.019,1763.019
2017-11-07,6981.720,7198.490,6901.000,7064.040,1440.259,1440.259
2017-11-08,7070.000,7770.020,6651.000,7303.000,2822.299,2822.299
2017-11-09,7303.010,7392.000,7015.000,7079.990,1913.398,1913.398
2017-11-10,7079.000,7279.910,6255.010,6506.980,3254.704,3254.704
2017-11-11,6503.000,6797.980,6100.000,6245.050,2754.157,2754.157
2017-11-12,6245.050,6630.000,5325.010,5811.030,4968.483,4968.483
2017-11-13,5839.940,6697.470,5699.990,6465.990,2621.243,2621.243
2017-11-14,6465.990,6684.980,6311.070,6574.990,1254.293,1254.293
2017-11-15,6575.990,7298.000,6575.990,7240.060,1779.606,1779.606
2017-11-16,7240.140,7940.000,7076.000,7864.500,2331.957,2331.957
2017-11-17,7876.980,7989.000,7451.000,7699.190,3982.396,3982.396
2017-11-18,7680.010,7819.990,7422.000,7761.940,3954.266,3954.266
2017-11-19,7761.940,8123.150,7650.330,8038.000,3867.340,3867.340
2017-11-20,8057.110,8319.990,7954.000,8212.000,3886.634,3886.634
2017-11-21,8212.490,8400.000,7801.000,8119.510,4544.474,4544.474
2017-11-22,8091.090,8322.680,8091.090,8205.920,3545.006,3545.006
2017-11-23,8233.030,8260.000,8000.000,8019.990,4093.953,4093.953
2017-11-24,8019.970,8369.000,7850.000,8138.000,4411.789,4411.789
2017-11-25,8138.990,8734.780,8090.000,8700.010,4292.624,4292.624
2017-11-26,8700.040,9350.000,8604.720,9128.020,4147.380,4147.380
2017-11-27,9128.000,9654.280,9112.040,9650.000,4521.626,4521.626
2017-11-28,9650.000,9939.000,9570.500,9896.800,4917.211,4917.211
2017-11-29,9896.790,11300.030,8520.000,9687.880,13352.539,13352.539
2017-11-30,9687.880,10900.000,8850.800,9838.960,9389.574,9389.574
2017-12-01,9837.000,10898.000,9380.000,10782.990,6134.924,6134.924
2017-12-02,10775.040,11190.000,10620.000,10890.010,4765.440,4765.440
2017-12-03,10902.690,11825.000,10500.000,11165.410,5346.637,5346.637
2017-12-04,11165.410,11600.000,10802.000,11579.000,4663.425,4663.425
2017-12-05,11571.030,11853.000,11447.680,11699.990,5550.732,5550.732
2017-12-06,11699.990,13615.230,11665.580,13550.050,6707.946,6707.946
2017-12-07,13541.010,16649.960,13050.000,16599.000,7487.066,7487.066
2017-12-08,16599.000,17204.990,14015.000,15880.000,17589.013,17589.013
2017-12-09,15880.010,16269.300,12535.000,14656.070,13918.759,13918.759
2017-12-10,14664.010,15720.120,12368.000,14899.980,16553.037,16553.037
2017-12-11,14946.260,17470.000,14901.080,16587.970,11820.402,11820.402
2017-12-12,16587.970,16976.450,15875.000,16349.990,9436.802,9436.802
2017-12-13,16349.990,16546.000,14666.560,16033.290,12416.329,12416.329
2017-12-14,16030.340,16445.000,15450.000,16334.980,11616.867,11616.867
2017-12-15,16334.980,17991.000,16298.450,17539.830,9181.274,9181.274
2017-12-16,17516.810,19539.000,17190.010,19102.660,4202.629,4202.629
2017-12-17,19120.190,19798.680,18510.000,18860.020,9177.183,9177.183
2017-12-18,18860.040,19300.000,17029.980,18856.250,10624.633,10624.633
2017-12-19,18856.250,18950.000,16300.000,17295.200,13210.748,13210.748
2017-12-20,17295.200,17720.350,14777.660,16488.980,13450.497,13450.497
2017-12-21,16480.520,17309.500,14022.000,15492.640,20324.217,20324.217
2017-12-22,15514.030,15699.340,10961.000,13326.610,36076.271,36076.271
2017-12-23,13326.610,14950.000,12978.180,13300.000,13141.539,13141.539
2017-12-24,13300.000,13819.990,11640.000,13500.000,28557.535,28557.535
2017-12-25,13500.000,14300.000,12708.000,13699.340,15748.208,15748.208
2017-12-26,13699.340,16050.000,13533.000,15689.010,15034.668,15034.668
2017-12-27,15709.980,16498.050,14200.150,15459.990,14959.865,14959.865
2017-12-28,15459.970,15539.990,13150.000,14182.110,21717.858,21717.858
2017-12-29,14199.140,14981.000,13850.000,14378.900,18072.008,18072.008
2017-12-30,14378.990,14398.850,11750.000,12440.010,19221.158,19221.158
2017-12-31,12345.100,14050.110,12149.980,13716.360,11768.990,11768.990
2018-01-01,13715.650,13818.550,12750.000,13380.000,8609.916,8609.916
2018-01-02,13382.160,15473.490,12890.020,14675.110,20078.092,20078.092
2018-01-03,14690.000,15307.560,14150.000,14919.510,15905.668,15905.668
2018-01-04,14919.510,15280.000,13918.040,15059.540,21329.650,21329.650
2018-01-05,15059.560,17176.240,14600.000,16960.390,23251.491,23251.491
2018-01-06,16960.390,17143.130,16011.210,17069.790,18571.458,18571.458
2018-01-07,17069.790,17099.960,15610.000,16150.030,12493.126,12493.126
2018-01-08,16218.850,16322.300,12812.000,14902.540,26600.610,26600.610
2018-01-09,14902.540,15500.000,14011.050,14400.000,14315.004,14315.004
2018-01-10,14401.000,14955.660,13131.310,14907.090,17411.002,17411.002
2018-01-11,14940.000,14968.680,11400.000,13238.780,33554.724,33554.724
2018-01-12,13238.760,14109.780,12500.000,13740.010,16417.162,16417.162
2018-01-13,13749.950,14580.000,13706.150,14210.000,12221.509,12221.509
2018-01-14,14210.000,14339.500,12569.200,13474.990,17017.894,17017.894
2018-01-15,13477.980,14249.990,13147.790,13539.930,14652.095,14652.095
2018-01-16,13500.000,13542.930,9035.000,10900.000,63401.169,63401.169
2018-01-17,10899.990,11680.990,9037.940,10988.790,72331.797,72331.797
2018-01-18,10972.590,11878.820,10435.330,10961.970,48464.435,48464.435
2018-01-19,10960.000,11795.000,10360.000,11474.980,34129.375,34129.375
2018-01-20,11474.980,13099.000,11412.450,12799.940,28768.858,28768.858
2018-01-21,12799.800,12799.800,10965.000,11530.000,41379.773,41379.773
2018-01-22,11530.000,11926.350,9900.240,10760.050,43752.607,43752.607
2018-01-23,10760.050,11399.000,9905.000,10799.180,37473.923,37473.923
2018-01-24,10799.140,11570.480,10500.000,11349.990,27158.588,27158.588
2018-01-25,11349.960,11794.050,10950.210,11175.270,20839.954,20839.954
2018-01-26,11184.700,11643.000,10311.150,11089.000,33056.872,33056.872
2018-01-27,11089.000,11650.000,10842.690,11491.000,18860.768,18860.768
2018-01-28,11499.980,12244.000,11408.000,11879.950,16887.340,16887.340
2018-01-29,11879.950,11975.020,11139.550,11251.000,14170.378,14170.378
2018-01-30,11250.110,11308.420,9900.000,10237.510,25554.373,25554.373
2018-01-31,10230.000,10425.850,9700.000,10285.100,18015.957,18015.957
2018-02-01,10285.100,10335.000,8750.990,9224.520,33564.764,33564.764
2018-02-02,9224.520,9250.000,8010.020,8873.030,49971.627,49971.627
2018-02-03,8873.030,9473.010,8229.000,9199.960,28725.001,28725.001
2018-02-04,9199.960,9368.000,7930.000,8184.810,32014.308,32014.308
2018-02-05,8179.990,8382.800,6625.000,6939.990,63403.183,63403.183
2018-02-06,6939.630,7878.000,6000.010,7652.140,100201.500,100201.500
2018-02-07,7655.020,8476.000,7150.010,7599.000,60778.460,60778.460
2018-02-08,7599.000,7844.000,7572.090,7784.020,1521.537,1521.537
2018-02-09,7789.900,8738.000,7789.900,8683.920,20482.911,20482.911
2018-02-10,8683.930,9065.780,8120.000,8533.980,49381.513,49381.513
2018-02-11,8533.990,8549.000,7726.530,8063.880,45025.188,45025.188
2018-02-12,8063.820,8989.000,8053.000,8903.000,41987.850,41987.850
2018-02-13,8903.000,8950.000,8351.000,8539.900,35454.973,35454.973
2018-02-14,8535.170,9489.600,8533.000,9449.990,40811.953,40811.953
2018-02-15,9449.980,10219.500,9301.500,10000.090,52427.597,52427.597
2018-02-16,10000.890,10323.370,9666.000,10159.980,38161.206,38161.206
2018-02-17,10156.070,11075.070,10050.000,11039.550,41882.108,41882.108
2018-02-18,11039.550,11274.000,10080.000,10383.430,61137.381,61137.381
2018-02-19,10375.010,11250.000,10270.330,11153.000,40831.417,40831.417
2018-02-20,11147.110,11786.010,11100.590,11200.990,48153.354,48153.354
2018-02-21,11195.070,11304.030,10200.000,10437.600,68113.819,68113.819
2018-02-22,10439.020,10933.440,9679.000,9811.040,67060.166,67060.166
2018-02-23,9815.550,10435.000,9570.190,10131.040,57202.702,57202.702
2018-02-24,10131.040,10496.970,9352.000,9694.510,40888.156,40888.156
2018-02-25,9694.510,9847.000,9274.800,9590.000,28373.518,28373.518
2018-02-26,9590.000,10444.320,9350.000,10324.000,34878.293,34878.293
2018-02-27,10321.000,10870.000,10121.000,10569.040,30705.385,30705.385
2018-02-28,10584.330,11098.000,10300.000,10326.760,30800.984,30800.984
2018-03-01,10325.640,11060.410,10240.000,10920.000,25092.554,25092.554
2018-03-02,10923.360,11200.000,10770.000,11039.000,23910.710,23910.710
2018-03-03,11038.990,11544.000,11015.010,11464.480,21287.153,21287.153
2018-03-04,11464.470,11565.000,11050.020,11515.000,17295.919,17295.919
2018-03-05,11515.000,11710.000,11415.010,11454.000,15144.231,15144.231
2018-03-06,11455.000,11455.000,10555.480,10716.480,29515.572,29515.572
2018-03-07,10716.480,10899.000,9389.310,9910.000,50647.671,50647.671
2018-03-08,9910.000,10099.000,9060.000,9271.640,41109.473,41109.473
2018-03-09,9267.070,9410.000,8329.000,9227.000,64112.291,64112.291
2018-03-10,9230.000,9490.000,8667.070,8770.220,37180.013,37180.013
2018-03-11,8770.220,9740.000,8450.000,9533.570,44325.973,44325.973
2018-03-12,9533.570,9888.880,8780.000,9131.340,42230.778,42230.778
2018-03-13,9131.340,9474.000,8823.000,9150.000,40191.409,40191.409
2018-03-14,9151.920,9333.780,7900.280,8170.000,49708.094,49708.094
2018-03-15,8184.010,8430.000,7650.000,8240.980,52291.022,52291.022
2018-03-16,8240.980,8611.640,7900.000,8260.000,38815.410,38815.410
2018-03-17,8260.000,8348.620,7721.990,7824.800,33110.206,33110.206
2018-03-18,7824.010,8317.400,7322.000,8189.990,59488.232,59488.232
2018-03-19,8189.000,8705.230,8088.400,8600.000,55297.085,55297.085
2018-03-20,8595.010,9050.000,8280.000,8909.980,44865.106,44865.106
2018-03-21,8909.960,9177.010,8750.600,8885.000,39972.405,39972.405
2018-03-22,8884.820,9100.000,8465.100,8722.900,40617.557,40617.557
2018-03-23,8720.000,8909.000,8269.000,8898.030,39991.008,39991.008
2018-03-24,8898.040,8999.950,8491.000,8546.860,35466.610,35466.610
2018-03-25,8531.250,8669.850,8365.770,8470.150,29001.769,29001.769
2018-03-26,8470.140,8514.890,7831.000,8134.230,44033.596,44033.596
2018-03-27,8134.220,8215.940,7730.000,7795.510,37427.648,37427.648
2018-03-28,7795.510,8109.000,7728.000,7949.300,26401.332,26401.332
2018-03-29,7949.300,7975.000,6941.110,7090.140,54620.915,54620.915
2018-03-30,7090.160,7292.430,6600.100,6840.230,65306.032,65306.032
2018-03-31,6840.240,7223.360,6777.000,6923.910,36868.539,36868.539
2018-04-01,6922.000,7049.980,6430.000,6813.010,44071.430,44071.430
2018-04-02,6813.010,7125.000,6765.000,7056.000,32123.560,32123.560
2018-04-03,7063.970,7520.000,7011.010,7405.210,37787.332,37787.332
2018-04-04,7405.210,7427.520,6707.000,6796.100,42227.184,42227.184
2018-04-05,6796.100,6902.000,6566.690,6770.760,39029.731,39029.731
2018-04-06,6770.000,6850.000,6500.000,6601.390,27455.012,27455.012
2018-04-07,6601.390,7070.000,6586.280,6895.800,32269.578,32269.578
2018-04-08,6895.810,7109.130,6880.000,7018.000,21427.673,21427.673
2018-04-09,7011.040,7185.000,6611.000,6782.720,34078.297,34078.297
2018-04-10,6781.550,6890.000,6656.000,6843.900,22326.728,22326.728
2018-04-11,6839.560,6990.000,6787.000,6953.790,23997.871,23997.871
2018-04-12,6953.780,8012.230,6743.200,7923.000,64861.596,64861.596
2018-04-13,7922.990,8233.390,7732.000,7877.410,55044.523,55044.523
2018-04-14,7877.480,8186.000,7810.000,7999.010,31621.286,31621.286
2018-04-15,8004.000,8429.540,7999.020,8355.000,27946.720,27946.720
2018-04-16,8355.070,8419.000,7867.000,8064.920,36664.070,36664.070
2018-04-17,8064.920,8173.700,7825.400,7885.020,32152.604,32152.604
2018-04-18,7890.960,8236.430,7868.000,8173.000,26969.045,26969.045
2018-04-19,8173.990,8296.000,8080.000,8278.000,27113.847,27113.847
2018-04-20,8273.840,8930.000,8177.090,8856.980,39795.337,39795.337
2018-04-21,8852.120,9035.000,8565.000,8915.310,40872.230,40872.230
2018-04-22,8915.310,9020.670,8727.680,8787.020,29458.253,29458.253
2018-04-23,8785.700,8985.000,8745.000,8934.010,25838.115,25838.115
2018-04-24,8934.000,9731.010,8922.000,9619.990,46268.790,46268.790
2018-04-25,9618.960,9759.820,8730.000,8869.990,81110.038,81110.038
2018-04-26,8869.990,9307.480,8651.620,9266.000,43300.304,43300.304
2018-04-27,9267.030,9395.000,8889.000,8915.350,37241.347,37241.347
2018-04-28,8915.350,9427.480,8870.000,9348.000,34759.628,34759.628
2018-04-29,9348.000,9570.510,9163.740,9419.000,38149.850,38149.850
2018-04-30,9417.040,9458.640,9124.990,9246.010,35002.034,35002.034
2018-05-01,9246.010,9248.990,8800.490,9071.480,41018.464,41018.464
2018-05-02,9071.480,9268.000,8970.200,9247.840,26123.544,26123.544
2018-05-03,9247.810,9844.000,9168.400,9750.000,38768.388,38768.388
2018-05-04,9750.000,9830.040,9520.850,9713.990,28681.589,28681.589
2018-05-05,9714.000,10020.000,9682.000,9864.000,24990.018,24990.018
2018-05-06,9863.990,9970.000,9417.030,9659.010,27690.352,27690.352
2018-05-07,9661.020,9689.670,9181.000,9365.000,33787.640,33787.640
2018-05-08,9365.000,9475.700,9060.540,9187.560,25533.832,25533.832
2018-05-09,9178.000,9390.000,8965.000,9310.000,25673.525,25673.525
2018-05-10,9310.000,9395.120,8970.000,9002.200,25055.064,25055.064
2018-05-11,9002.210,9016.800,8341.000,8400.000,48227.048,48227.048
2018-05-12,8405.940,8646.880,8153.000,8465.940,40241.321,40241.321
2018-05-13,8475.440,8763.360,8298.000,8679.710,25632.869,25632.869
2018-05-14,8679.710,8879.990,8277.000,8663.340,37389.667,37389.667
2018-05-15,8663.370,8859.990,8401.300,8462.000,28126.956,28126.956
2018-05-16,8462.000,8488.000,8083.010,8330.000,31130.719,31130.719
2018-05-17,8330.000,8464.000,7979.000,8041.460,25439.845,25439.845
2018-05-18,8038.820,8273.210,7911.900,8239.810,23476.158,23476.158
2018-05-19,8238.010,8390.800,8095.730,8233.490,17193.424,17193.424
2018-05-20,8233.490,8609.000,8163.900,8526.980,19957.057,19957.057
2018-05-21,8526.970,8595.310,8305.000,8381.240,21516.596,21516.596
2018-05-22,8386.890,8400.180,7935.110,7977.110,23710.903,23710.903
2018-05-23,7977.120,8031.900,7425.000,7501.950,42910.667,42910.667
2018-05-24,7501.950,7730.730,7266.990,7575.010,37845.447,37845.447
2018-05-25,7578.990,7649.550,7308.150,7457.000,26739.957,26739.957
2018-05-26,7456.990,7620.000,7300.000,7333.960,19464.086,19464.086
2018-05-27,7334.000,7400.000,7231.110,7338.990,18706.946,18706.946
2018-05-28,7338.990,7437.000,7058.020,7099.000,27219.439,27219.439
2018-05-29,7099.000,7540.000,7032.950,7461.290,39407.212,39407.212
2018-05-30,7467.980,7569.000,7260.500,7375.960,32041.584,32041.584
2018-05-31,7382.070,7699.000,7327.510,7485.010,30776.063,30776.063
2018-06-01,7485.010,7608.550,7355.540,7521.010,28259.124,28259.124
2018-06-02,7521.010,7697.330,7437.000,7640.030,26720.690,26720.690
2018-06-03,7636.810,7786.690,7600.000,7714.260,27505.159,27505.159
2018-06-04,7714.260,7760.520,7446.500,7487.000,32258.835,32258.835
2018-06-05,7487.000,7679.490,7358.000,7625.000,31722.973,31722.973
2018-06-06,7626.640,7699.000,7467.050,7658.840,27229.992,27229.992
2018-06-07,7658.790,7765.000,7620.000,7691.080,25062.227,25062.227
2018-06-08,7691.080,7703.500,7531.000,7603.440,23396.805,23396.805
2018-06-09,7603.440,7683.980,7450.000,7491.730,19339.885,19339.885
2018-06-10,7491.730,7491.730,6622.810,6764.990,52342.020,52342.020
2018-06-11,6765.000,6922.000,6610.000,6872.000,34552.162,34552.162
2018-06-12,6872.000,6890.510,6435.000,6530.000,36722.211,36722.211
2018-06-13,6530.000,6627.600,6118.680,6292.780,46185.518,46185.518
2018-06-14,6292.780,6720.000,6260.000,6635.980,44478.131,44478.131
2018-06-15,6638.670,6666.660,6362.310,6388.900,30018.330,30018.330
2018-06-16,6380.010,6560.000,6320.860,6483.980,22277.241,22277.241
2018-06-17,6482.500,6589.030,6422.000,6449.610,19847.248,19847.248
2018-06-18,6444.060,6794.380,6380.000,6712.460,31821.435,31821.435
2018-06-19,6711.390,6841.740,6653.000,6741.210,24311.421,24311.421
2018-06-20,6740.000,6817.230,6551.810,6761.510,26359.752,26359.752
2018-06-21,6763.210,6795.000,6672.570,6718.840,25428.854,25428.854
2018-06-22,6717.690,6733.970,5918.940,6045.000,52157.371,52157.371
2018-06-23,6045.920,6260.000,6008.480,6149.980,26622.789,26622.789
2018-06-24,6149.980,6259.800,5750.000,6136.970,47445.999,47445.999
2018-06-25,6137.950,6350.000,6061.970,6252.000,39164.515,39164.515
2018-06-26,6252.000,6272.540,6035.000,6070.780,19377.240,19377.240
2018-06-27,6065.890,6190.430,5971.000,6133.730,19225.671,19225.671
2018-06-28,6134.730,6173.010,5827.000,5853.980,30585.266,30585.266
2018-06-29,5851.010,6300.000,5780.000,6197.920,33911.287,33911.287
2018-06-30,6197.920,6528.990,6186.030,6390.070,37919.613,37919.613
2018-07-01,6391.080,6441.060,6251.000,6356.810,27562.966,27562.966
2018-07-02,6360.820,6685.000,6271.620,6615.290,36230.452,36230.452
2018-07-03,6615.290,6679.350,6463.010,6513.860,38657.782,38657.782
2018-07-04,6511.010,6784.920,6441.110,6586.980,23571.893,23571.893
2018-07-05,6585.530,6712.000,6453.330,6529.200,35071.973,35071.973
2018-07-06,6529.200,6648.540,6425.000,6609.780,29397.095,29397.095
2018-07-07,6609.790,6818.160,6508.880,6756.980,23973.877,23973.877
2018-07-08,6753.480,6780.000,6667.440,6712.100,24622.948,24622.948
2018-07-09,6712.100,6802.060,6612.240,6662.120,26732.407,26732.407
2018-07-10,6662.780,6681.000,6263.000,6296.910,38560.673,38560.673
2018-07-11,6296.910,6406.000,6278.990,6378.070,28715.498,28715.498
2018-07-12,6378.070,6380.280,6070.000,6250.570,31306.663,31306.663
2018-07-13,6251.400,6350.000,6110.000,6214.570,26375.325,26375.325
2018-07-14,6214.570,6335.000,6178.000,6251.990,17783.072,17783.072
2018-07-15,6250.900,6395.000,6225.400,6353.010,22979.212,22979.212
2018-07-16,6354.150,6747.300,6330.400,6723.350,36204.877,36204.877
2018-07-17,6723.330,7468.990,6652.040,7317.440,52105.423,52105.423
2018-07-18,7317.440,7588.080,7225.380,7381.900,59487.643,59487.643
2018-07-19,7381.880,7576.280,7270.000,7466.210,41218.256,41218.256
2018-07-20,7468.860,7700.000,7273.000,7337.530,46140.313,46140.313
2018-07-21,7337.470,7458.470,7211.000,7398.780,28886.490,28886.490
2018-07-22,7399.250,7582.400,7335.500,7394.790,30270.218,30270.218
2018-07-23,7394.780,7833.000,7375.000,7721.010,41646.347,41646.347
2018-07-24,7721.650,8486.000,7696.000,8397.240,60121.164,60121.164
2018-07-25,8397.240,8491.770,8050.000,8175.640,48257.649,48257.649
2018-07-26,8175.630,8315.690,7850.060,7920.000,43223.482,43223.482
2018-07-27,7920.000,8285.000,7805.000,8188.570,43671.006,43671.006
2018-07-28,8188.570,8246.540,8067.000,8225.040,26215.174,26215.174
2018-07-29,8225.040,8294.510,8115.000,8211.000,25531.226,25531.226
2018-07-30,8210.990,8273.000,7866.000,8173.920,39692.417,39692.417
2018-07-31,8171.400,8180.000,7633.000,7730.930,48296.916,48296.916
2018-08-01,7735.670,7750.000,7430.000,7604.580,42582.313,42582.313
2018-08-02,7600.080,7709.460,7455.720,7525.710,37665.697,37665.697
2018-08-03,7525.710,7540.000,7282.440,7418.780,44669.486,44669.486
2018-08-04,7412.270,7494.810,6926.000,7009.840,36288.426,36288.426
2018-08-05,7009.840,7089.870,6882.290,7024.190,32894.850,32894.850
2018-08-06,7024.190,7160.000,6821.000,6934.820,32760.192,32760.192
2018-08-07,6935.000,7150.460,6670.000,6720.060,45438.474,45438.474
2018-08-08,6720.630,6721.540,6123.000,6285.000,59550.536,59550.536
2018-08-09,6283.270,6622.810,6178.600,6529.790,51941.185,51941.185
2018-08-10,6529.790,6575.880,6026.390,6144.010,59034.975,59034.975
2018-08-11,6148.130,6488.000,5971.000,6232.350,47133.419,47133.419
2018-08-12,6222.550,6472.300,6130.000,6308.330,38567.771,38567.771
2018-08-13,6308.560,6545.000,6145.040,6246.350,53895.829,53895.829
2018-08-14,6248.250,6250.330,5880.000,6188.080,50186.745,50186.745
2018-08-15,6188.080,6609.000,6172.110,6267.160,68806.687,68806.687
2018-08-16,6265.270,6480.000,6205.600,6311.750,48515.255,48515.255
2018-08-17,6316.000,6585.000,6285.400,6584.490,57851.611,57851.611
2018-08-18,6579.040,6620.000,6288.000,6387.960,53742.322,53742.322
2018-08-19,6387.960,6541.000,6300.000,6477.530,45190.848,45190.848
2018-08-20,6477.530,6530.000,6220.000,6254.840,49435.555,49435.555
2018-08-21,6251.000,6500.000,6235.080,6480.000,41569.947,41569.947
2018-08-22,6479.980,6882.540,6251.200,6360.890,77909.391,77909.391
2018-08-23,6362.570,6576.990,6342.280,6525.010,40358.167,40358.167
2018-08-24,6525.000,6725.000,6440.500,6681.640,38305.675,38305.675
2018-08-25,6686.980,6789.000,6650.610,6733.640,19220.506,19220.506
2018-08-26,6733.640,6775.270,6568.000,6700.000,20107.297,20107.297
2018-08-27,6700.000,6940.510,6646.500,6908.640,37747.079,37747.079
2018-08-28,6907.260,7135.000,6860.000,7076.110,48352.917,48352.917
2018-08-29,7077.000,7133.810,6912.340,7031.220,43252.487,43252.487
2018-08-30,7033.210,7063.630,6784.810,6984.840,44716.775,44716.775
2018-08-31,6984.840,7089.000,6888.000,7011.210,40467.401,40467.401
2018-09-01,7011.210,7275.000,7008.740,7200.010,40323.414,40323.414
2018-09-02,7201.570,7345.450,7127.000,7302.010,39814.840,39814.840
2018-09-03,7302.000,7338.280,7191.630,7263.020,32396.018,32396.018
2018-09-04,7263.000,7410.000,7227.170,7359.060,35300.641,35300.641
2018-09-05,7359.050,7397.300,6682.000,6700.000,63715.256,63715.256
2018-09-06,6697.270,6725.000,6265.000,6516.010,60644.464,60644.464
2018-09-07,6516.840,6544.000,6320.000,6395.540,38906.288,38906.288
2018-09-08,6395.540,6478.000,6111.000,6185.050,38215.032,38215.032
2018-09-09,6185.060,6441.000,6141.530,6250.810,37053.924,37053.924
2018-09-10,6252.260,6373.980,6221.000,6312.000,32439.456,32439.456
2018-09-11,6311.990,6404.000,6169.680,6294.910,33104.889,33104.889
2018-09-12,6293.000,6360.000,6192.370,6338.620,31433.646,31433.646
2018-09-13,6338.620,6535.000,6337.400,6487.380,40465.063,40465.063
2018-09-14,6487.390,6584.990,6385.620,6476.630,37173.339,37173.339
2018-09-15,6476.630,6565.450,6466.130,6514.960,25243.657,25243.657
2018-09-16,6514.960,6524.620,6370.000,6505.000,27568.133,27568.133
2018-09-17,6500.080,6533.840,6201.000,6248.690,35987.255,35987.255
2018-09-18,6248.690,6390.000,6224.980,6336.450,32620.867,32620.867
2018-09-19,6336.390,6517.700,6123.000,6391.890,39044.080,39044.080
2018-09-20,6392.000,6540.000,6325.000,6492.000,25189.025,25189.025
2018-09-21,6492.000,6784.860,6491.000,6759.020,51779.343,51779.343
2018-09-22,6759.010,6839.030,6627.000,6723.050,29349.691,29349.691
2018-09-23,6723.050,6788.230,6661.750,6708.000,30286.230,30286.230
2018-09-24,6706.810,6730.000,6557.000,6581.390,35305.740,35305.740
2018-09-25,6581.420,6584.010,6325.020,6447.540,40301.029,40301.029
2018-09-26,6445.110,6557.990,6379.700,6465.120,33484.542,33484.542
2018-09-27,6467.840,6750.000,6434.000,6689.130,33087.428,33087.428
2018-09-28,6689.120,6814.800,6540.880,6634.580,42399.449,42399.449
2018-09-29,6634.580,6636.000,6464.570,6596.380,30255.960,30255.960
2018-09-30,6597.660,6662.000,6533.000,6626.570,27764.725,27764.725
2018-10-01,6626.570,6667.090,6510.000,6611.610,20621.507,20621.507
2018-10-02,6610.000,6640.000,6494.000,6525.790,28245.810,28245.810
2018-10-03,6525.790,6549.000,6430.000,6510.000,28451.969,28451.969
2018-10-04,6510.010,6643.460,6505.090,6593.790,20074.301,20074.301
2018-10-05,6591.690,6697.000,6543.080,6635.650,16096.552,16096.552
2018-10-06,6635.650,6651.000,6566.770,6594.270,10939.505,10939.505
2018-10-07,6596.440,6640.000,6525.000,6615.260,17406.832,17406.832
2018-10-08,6615.260,6715.600,6587.000,6673.010,23123.420,23123.420
2018-10-09,6673.010,6685.380,6607.000,6656.610,15354.779,15354.779
2018-10-10,6656.670,6659.950,6530.000,6631.000,15390.661,15390.661
2018-10-11,6630.210,6633.920,6205.000,6252.680,48712.400,48712.400
2018-10-12,6252.710,6360.000,6209.000,6298.010,29004.071,29004.071
2018-10-13,6298.000,6345.000,6285.070,6332.930,19098.070,19098.070
2018-10-14,6332.920,6416.000,6308.000,6339.340,15627.411,15627.411
2018-10-15,6339.340,7680.000,6300.000,6752.500,90748.031,90748.031
2018-10-16,6752.500,6900.000,6670.000,6759.270,27557.958,27557.958
2018-10-17,6762.760,6811.120,6676.010,6740.890,26641.431,26641.431
2018-10-18,6739.010,6796.000,6567.000,6618.960,20116.522,20116.522
2018-10-19,6618.960,6648.140,6523.000,6528.880,20772.601,20772.601
2018-10-20,6528.880,6617.650,6505.550,6588.400,19240.722,19240.722
2018-10-21,6585.720,6663.900,6580.000,6590.110,6515.358,6515.358
2018-10-22,6590.120,6639.000,6535.270,6581.200,16213.693,16213.693
2018-10-23,6581.200,6595.000,6515.450,6553.510,13856.602,13856.602
2018-10-24,6553.510,6630.000,6547.530,6565.500,11951.544,11951.544
2018-10-25,6566.810,6575.090,6502.800,6528.090,10342.701,10342.701
2018-10-26,6528.130,6600.000,6515.010,6538.630,9443.504,9443.504
2018-10-27,6538.630,6558.350,6463.040,6505.600,7776.908,7776.908
2018-10-28,6505.600,6514.170,6453.000,6489.930,5743.934,5743.934
2018-10-29,6489.930,6505.010,6315.000,6344.500,13827.224,13827.224
2018-10-30,6344.500,6395.000,6317.010,6330.870,8877.175,8877.175
2018-10-31,6330.010,6428.000,6245.020,6371.930,12148.888,12148.888
2018-11-01,6369.520,6442.650,6348.660,6410.000,9099.036,9099.036
2018-11-02,6410.000,6460.340,6388.200,6433.980,9739.441,9739.441
2018-11-03,6432.800,6439.970,6345.000,6387.090,7661.241,7661.241
2018-11-04,6388.000,6525.000,6359.000,6485.850,10592.395,10592.395
2018-11-05,6485.850,6504.390,6431.020,6468.990,8987.882,8987.882
2018-11-06,6468.990,6531.310,6445.180,6519.110,11926.566,11926.566
2018-11-07,6522.730,6615.150,6509.000,6578.460,14271.591,14271.591
2018-11-08,6578.460,6594.000,6468.220,6479.840,13259.789,13259.789
2018-11-09,6479.840,6511.530,6391.010,6419.990,11787.617,11787.617
2018-11-10,6419.990,6475.550,6411.000,6433.050,7714.830,7714.830
2018-11-11,6435.160,6462.140,6355.000,6449.810,8213.507,8213.507
2018-11-12,6450.710,6497.000,6421.000,6453.070,10132.783,10132.783
2018-11-13,6451.680,6498.000,6391.150,6457.660,11790.565,11790.565
2018-11-14,6458.980,6482.840,5656.870,5922.410,46478.964,46478.964
2018-11-15,5917.200,5939.540,5403.420,5753.400,47700.829,47700.829
2018-11-16,5757.090,5782.890,5549.250,5655.940,38721.802,38721.802
2018-11-17,5650.570,5656.600,5565.430,5628.290,26411.241,26411.241
2018-11-18,5630.490,5738.170,5617.000,5662.000,23844.999,23844.999
2018-11-19,5661.940,5664.000,4855.000,4910.030,70580.893,70580.893
2018-11-20,4913.400,5048.240,4326.000,4558.860,117380.952,117380.952
2018-11-21,4559.910,4787.200,4413.850,4661.070,61071.829,61071.829
2018-11-22,4661.080,4721.770,4335.000,4370.000,34531.119,34531.119
2018-11-23,4370.900,4484.000,4222.940,4420.610,49371.920,49371.920
2018-11-24,4415.630,4527.000,3824.690,3932.440,61693.111,61693.111
2018-11-25,3933.680,4233.000,3652.660,4085.780,101693.976,101693.976
2018-11-26,4088.690,4206.000,3701.000,3862.200,94503.751,94503.751
2018-11-27,3864.450,3940.000,3689.120,3875.210,67480.607,67480.607
2018-11-28,3875.630,4394.470,3874.270,4264.850,91983.568,91983.568
2018-11-29,4262.060,4450.380,4125.650,4295.840,73980.199,73980.199
2018-11-30,4295.720,4341.360,3943.000,4041.320,67758.446,67758.446
2018-12-01,4041.270,4299.990,3963.010,4190.020,44840.073,44840.073
2018-12-02,4190.980,4312.990,4103.040,4161.010,38912.155,38912.155
2018-12-03,4160.550,4179.000,3827.000,3884.010,49094.369,49094.369
2018-12-04,3884.760,4085.000,3781.000,3951.640,48489.552,48489.552
2018-12-05,3950.980,3970.000,3745.000,3769.840,44004.799,44004.799
2018-12-06,3768.440,3899.990,3500.000,3508.750,68378.797,68378.797
2018-12-07,3508.750,3549.990,3224.600,3403.550,95145.457,95145.457
2018-12-08,3403.570,3495.000,3222.000,3410.930,55365.950,55365.950
2018-12-09,3411.360,3658.000,3394.040,3545.370,45956.893,45956.893
2018-12-10,3548.490,3610.000,3370.110,3432.880,40989.245,40989.245
2018-12-11,3434.010,3480.000,3324.320,3380.390,35920.864,35920.864
2018-12-12,3379.230,3492.000,3350.000,3445.000,33922.931,33922.931
2018-12-13,3446.380,3460.000,3255.500,3302.060,40040.917,40040.917
2018-12-14,3302.060,3335.390,3177.000,3224.170,44492.984,44492.984
2018-12-15,3225.190,3276.500,3156.260,3211.720,29796.041,29796.041
2018-12-16,3211.710,3294.000,3186.000,3228.670,24628.809,24628.809
2018-12-17,3229.220,3585.000,3216.000,3509.080,66761.752,66761.752
2018-12-18,3509.030,3678.590,3424.470,3652.980,61369.615,61369.615
2018-12-19,3653.000,3912.730,3622.550,3662.220,94137.341,94137.341
2018-12-20,3660.010,4120.000,3635.000,4049.620,101543.836,101543.836
2018-12-21,4051.860,4139.990,3764.000,3838.660,82343.850,82343.850
2018-12-22,3840.250,3979.000,3785.000,3948.910,42822.351,42822.351
2018-12-23,3948.910,4021.530,3870.000,3929.710,40117.532,40117.532
2018-12-24,3929.710,4198.000,3924.830,4008.010,64647.809,64647.809
2018-12-25,4010.110,4020.000,3646.410,3745.790,62725.629,62725.629
2018-12-26,3745.560,3837.150,3656.740,3777.740,42629.376,42629.376
2018-12-27,3777.740,3813.980,3535.000,3567.910,44097.393,44097.393
2018-12-28,3567.890,3887.250,3540.040,3839.260,45964.305,45964.305
2018-12-29,3839.000,3892.000,3670.000,3695.320,38874.374,38874.374
2018-12-30,3696.710,3903.500,3657.900,3801.910,33222.369,33222.369
2018-12-31,3803.120,3810.000,3630.330,3702.900,29991.778,29991.778
2019-01-01,3701.230,3810.160,3642.000,3797.140,23741.687,23741.687
2019-01-02,3796.450,3882.140,3750.450,3858.560,35156.463,35156.463
2019-01-03,3857.570,3862.740,3730.000,3766.780,29406.948,29406.948
2019-01-04,3767.200,3823.640,3703.570,3792.010,29519.555,29519.555
2019-01-05,3790.090,3840.990,3751.000,3770.960,30490.668,30490.668
2019-01-06,3771.120,4027.710,3740.000,3987.600,36553.807,36553.807
2019-01-07,3987.620,4017.900,3921.530,3975.450,31869.846,31869.846
2019-01-08,3976.760,4069.800,3903.000,3955.130,38901.423,38901.423
2019-01-09,3955.450,4006.810,3930.040,3966.650,28989.440,28989.440
2019-01-10,3966.060,3996.010,3540.000,3585.880,59402.229,59402.229
2019-01-11,3585.880,3658.000,3465.000,3601.310,38338.655,38338.655
2019-01-12,3601.310,3618.190,3530.000,3583.130,21999.928,21999.928
2019-01-13,3584.100,3611.100,3441.300,3476.810,26385.757,26385.757
2019-01-14,3477.560,3671.870,3467.020,3626.090,35235.211,35235.211
2019-01-15,3626.080,3648.420,3516.620,3553.060,34137.997,34137.997
2019-01-16,3553.060,3645.000,3543.510,3591.840,27480.180,27480.180
2019-01-17,3591.840,3634.700,3530.390,3616.210,29755.441,29755.441
2019-01-18,3613.320,3620.000,3565.750,3594.870,22713.447,22713.447
2019-01-19,3594.870,3720.000,3594.230,3665.300,22171.578,22171.578
2019-01-20,3665.750,3693.730,3475.000,3539.280,27901.939,27901.939
2019-01-21,3539.260,3559.510,3475.500,3526.900,19644.437,19644.437
2019-01-22,3526.880,3608.500,3434.850,3570.930,29336.443,29336.443
2019-01-23,3570.410,3607.980,3514.500,3552.820,24938.843,24938.843
2019-01-24,3552.970,3589.000,3529.220,3569.620,20826.251,20826.251
2019-01-25,3569.070,3587.150,3522.510,3565.290,17608.347,17608.347
2019-01-26,3566.690,3662.940,3545.000,3565.250,19476.532,19476.532
2019-01-27,3565.620,3579.000,3486.000,3550.840,22735.598,22735.598
2019-01-28,3550.050,3557.750,3380.270,3434.150,40405.111,40405.111
2019-01-29,3434.000,3443.450,3349.920,3411.040,29544.929,29544.929
2019-01-30,3410.040,3478.000,3387.100,3458.180,23968.260,23968.260
2019-01-31,3457.500,3489.200,3418.800,3434.100,29607.190,29607.190
2019-02-01,3434.100,3488.000,3401.200,3462.070,25260.476,25260.476
2019-02-02,3462.200,3526.400,3440.290,3504.770,17920.802,17920.802
2019-02-03,3504.060,3511.090,3426.000,3458.110,19867.336,19867.336
2019-02-04,3458.110,3484.880,3433.310,3463.220,23131.981,23131.981
2019-02-05,3463.220,3478.970,3448.430,3471.590,25264.415,25264.415
2019-02-06,3471.570,3482.720,3380.000,3405.370,35310.245,35310.245
2019-02-07,3407.000,3426.450,3390.000,3398.400,18665.539,18665.539
2019-02-08,3398.400,3733.580,3373.100,3659.040,47968.058,47968.058
2019-02-09,3660.270,3680.020,3625.130,3665.180,24759.834,24759.834
2019-02-10,3665.180,3684.990,3609.760,3680.060,23250.603,23250.603
2019-02-11,3679.750,3684.900,3615.530,3631.050,24954.615,24954.615
2019-02-12,3631.050,3667.600,3582.340,3631.460,29479.598,29479.598
2019-02-13,3631.510,3670.000,3591.750,3609.400,25773.998,25773.998
2019-02-14,3608.340,3626.400,3568.110,3590.560,21753.501,21753.501
2019-02-15,3590.570,3653.230,3573.450,3602.470,20777.873,20777.873
2019-02-16,3602.490,3648.200,3597.910,3618.410,19565.993,19565.993
2019-02-17,3617.220,3700.110,3604.400,3667.580,25690.228,25690.228
2019-02-18,3667.620,3925.000,3655.000,3898.600,64042.730,64042.730
2019-02-19,3897.350,3994.520,3856.000,3907.790,50207.173,50207.173
2019-02-20,3907.350,3986.980,3870.660,3969.740,36205.141,36205.141
2019-02-21,3969.740,4016.480,3901.030,3937.310,31103.885,31103.885
2019-02-22,3937.310,3988.000,3926.650,3962.000,23943.164,23943.164
2019-02-23,3962.000,4162.020,3933.150,4117.760,33657.943,33657.943
2019-02-24,4118.000,4198.000,3712.660,3743.560,62224.187,62224.187
2019-02-25,3743.560,3872.660,3740.000,3827.920,38102.966,38102.966
2019-02-26,3828.440,3841.510,3777.000,3809.230,28838.748,28838.748
2019-02-27,3809.310,3838.850,3677.170,3818.070,31500.995,31500.995
2019-02-28,3818.040,3888.000,3763.870,3813.690,32561.961,32561.961
2019-03-01,3814.260,3857.000,3813.010,3823.000,23174.572,23174.572
2019-03-02,3822.170,3841.310,3772.250,3819.930,19445.838,19445.838
2019-03-03,3819.970,3835.000,3781.320,3807.750,16718.165,16718.165
2019-03-04,3807.320,3830.000,3670.690,3715.300,34742.842,34742.842
2019-03-05,3716.100,3877.100,3703.550,3857.730,32962.536,32962.536
2019-03-06,3857.580,3907.000,3813.090,3861.840,24775.119,24775.119
2019-03-07,3861.840,3905.400,3840.400,3873.640,26455.258,26455.258
2019-03-08,3873.630,3932.000,3800.000,3864.890,34730.367,34730.367
2019-03-09,3864.880,3971.750,3854.750,3943.040,30979.748,30979.748
2019-03-10,3943.430,3943.430,3881.690,3916.820,23187.561,23187.561
2019-03-11,3915.990,3936.980,3830.000,3871.610,38066.886,38066.886
2019-03-12,3871.610,3905.200,3826.060,3882.730,26921.009,26921.009
2019-03-13,3882.690,3893.560,3840.000,3866.000,24461.009,24461.009
2019-03-14,3866.000,3920.000,3810.430,3877.120,27048.749,27048.749
2019-03-15,3877.120,3939.220,3872.200,3923.760,21740.061,21740.061
2019-03-16,3924.460,4056.980,3921.980,4005.980,28568.376,28568.376
2019-03-17,4005.980,4012.000,3950.010,3981.140,18814.256,18814.256
2019-03-18,3981.850,4037.000,3953.330,3987.810,22454.478,22454.478
2019-03-19,3987.830,4031.000,3970.000,4015.530,19893.742,19893.742
2019-03-20,4017.480,4050.000,3980.500,4043.040,23432.300,23432.300
2019-03-21,4043.040,4069.320,3880.010,3980.640,35997.682,35997.682
2019-03-22,3980.850,4008.000,3968.250,3986.930,20022.606,20022.606
2019-03-23,3987.890,4018.830,3978.010,4006.010,17302.604,17302.604
2019-03-24,4006.010,4006.020,3950.000,3992.180,17179.851,17179.851
2019-03-25,3991.350,3999.300,3888.710,3936.120,33192.890,33192.890
2019-03-26,3935.470,3958.980,3894.000,3948.550,29349.538,29349.538
2019-03-27,3948.770,4048.000,3936.150,4038.050,32364.556,32364.556
2019-03-28,4039.580,4039.700,4002.000,4027.810,20089.294,20089.294
2019-03-29,4028.220,4123.710,4024.030,4103.250,30084.217,30084.217
2019-03-30,4104.240,4140.000,4052.000,4106.970,19509.293,19509.293
2019-03-31,4106.990,4116.120,4082.570,4103.950,13525.087,13525.087
2019-04-01,4102.440,4158.700,4067.000,4144.560,25507.068,25507.068
2019-04-02,4144.540,4897.990,4140.540,4857.290,105383.639,105383.639
2019-04-03,4857.190,5275.010,4753.500,4932.600,109890.126,109890.126
2019-04-04,4932.590,5039.080,4777.000,4898.660,61054.254,61054.254
2019-04-05,4898.640,5028.220,4880.620,5004.950,39768.553,39768.553
2019-04-06,5004.960,5205.000,4928.590,5043.890,41770.842,41770.842
2019-04-07,5042.070,5234.000,5026.000,5170.270,37615.487,37615.487
2019-04-08,5170.270,5305.000,5039.000,5236.900,50178.431,50178.431
2019-04-09,5238.380,5238.400,5076.680,5150.000,34067.012,34067.012
2019-04-10,5150.000,5422.000,5135.000,5308.250,40073.620,40073.620
2019-04-11,5307.860,5332.670,4927.000,5017.370,54696.601,54696.601
2019-04-12,5017.370,5080.580,4861.220,5048.010,33276.679,33276.679
2019-04-13,5047.000,5099.000,5004.000,5045.220,17292.457,17292.457
2019-04-14,5047.450,5152.990,5000.000,5131.300,18281.608,18281.608
2019-04-15,5131.280,5167.380,4950.000,5024.950,29057.192,29057.192
2019-04-16,5024.950,5197.720,5003.940,5173.720,24242.229,24242.229
2019-04-17,5173.720,5230.400,5146.800,5202.820,23307.536,23307.536
2019-04-18,5202.410,5287.000,5198.800,5258.440,22619.239,22619.239
2019-04-19,5258.440,5320.000,5175.000,5258.680,24611.236,24611.236
2019-04-20,5258.680,5333.420,5230.100,5291.730,19168.908,19168.908
2019-04-21,5292.910,5314.350,5165.000,5256.140,25549.571,25549.571
2019-04-22,5257.410,5400.000,5208.350,5357.140,29563.852,29563.852
2019-04-23,5357.140,5600.000,5332.410,5493.310,41262.104,41262.104
2019-04-24,5490.910,5582.200,5333.350,5415.000,48224.152,48224.152
2019-04-25,5415.000,5491.840,5102.000,5219.900,49636.090,49636.090
2019-04-26,5220.470,5510.000,5161.620,5314.100,48912.295,48912.295
2019-04-27,5315.000,5342.500,5257.670,5295.690,15422.897,15422.897
2019-04-28,5295.690,5340.000,5259.480,5307.520,14371.434,14371.434
2019-04-29,5309.810,5332.000,5178.800,5238.140,19918.135,19918.135
2019-04-30,5238.140,5339.980,5192.150,5320.810,22238.068,22238.068
2019-05-01,5321.940,5402.000,5316.200,5383.200,17217.473,17217.473
2019-05-02,5383.200,5538.000,5370.000,5492.870,22795.788,22795.788
2019-05-03,5494.810,5844.000,5477.570,5772.690,46297.173,46297.173
2019-05-04,5770.620,5900.000,5587.450,5829.450,39682.409,39682.409
2019-05-05,5829.830,5839.900,5696.000,5775.620,23822.544,23822.544
2019-05-06,5773.180,5805.000,5619.140,5747.790,25256.596,25256.596
2019-05-07,5749.920,6028.410,5747.740,5846.340,39905.064,39905.064
2019-05-08,5846.340,6014.720,5772.200,5987.290,23074.052,23074.052
2019-05-09,5986.660,6224.550,5983.710,6209.180,27453.011,27453.011
2019-05-10,6209.950,6468.920,6172.000,6373.330,36623.611,36623.611
2019-05-11,6375.160,7343.990,6372.850,7076.220,74022.424,74022.424
2019-05-12,7076.240,7521.780,6750.000,6967.310,86948.975,86948.975
2019-05-13,6968.240,8100.000,6870.000,7790.710,85804.735,85804.735
2019-05-14,7795.620,8366.000,7599.560,7947.560,76583.723,76583.723
2019-05-15,7945.260,8249.000,7850.000,8169.870,37884.327,37884.327
2019-05-16,8169.080,8320.000,7705.000,7866.590,69630.514,69630.514
2019-05-17,7868.670,7925.000,6913.000,7355.260,88752.008,88752.008
2019-05-18,7355.280,7458.000,7156.610,7257.450,37054.945,37054.945
2019-05-19,7257.320,8275.090,7243.080,8148.480,65577.442,65577.442
2019-05-20,8147.940,8156.030,7553.000,7938.150,65859.209,65859.209
2019-05-21,7937.160,8042.320,7771.000,7904.870,52301.752,52301.752
2019-05-22,7904.480,8016.000,7465.000,7628.430,49136.995,49136.995
2019-05-23,7627.800,7940.980,7461.000,7851.510,49648.185,49648.185
2019-05-24,7849.950,8130.000,7766.000,7964.870,46664.785,46664.785
2019-05-25,7964.520,8091.800,7908.340,8025.410,28414.329,28414.329
2019-05-26,8023.000,8740.000,7833.420,8614.430,49652.145,49652.145
2019-05-27,8612.540,8908.320,8589.000,8756.320,51886.769,51886.769
2019-05-28,8752.520,8798.490,8510.630,8715.640,31470.552,31470.552
2019-05-29,8716.870,8750.000,8406.600,8645.680,33880.866,33880.866
2019-05-30,8646.500,9074.260,8005.000,8269.540,70379.999,70379.999
2019-05-31,8267.100,8594.000,8108.500,8555.000,44727.492,44727.492
2019-06-01,8555.000,8626.000,8442.360,8544.070,31868.234,31868.234
2019-06-02,8545.100,8814.780,8524.000,8725.980,27835.133,27835.133
2019-06-03,8726.000,8800.950,8080.800,8115.820,45692.965,45692.965
2019-06-04,8115.660,8115.660,7481.020,7687.030,74143.949,74143.949
2019-06-05,7687.040,7896.700,7572.780,7776.500,48679.656,48679.656
2019-06-06,7778.080,7868.130,7444.580,7786.700,36624.119,36624.119
2019-06-07,7787.570,8100.000,7737.490,7980.530,33942.226,33942.226
2019-06-08,7978.940,8044.650,7751.000,7893.620,22657.330,22657.330
2019-06-09,7895.280,7935.000,7506.660,7628.130,31568.465,31568.465
2019-06-10,7627.570,8020.000,7511.000,7982.750,36756.078,36756.078
2019-06-11,7981.000,8010.000,7692.230,7884.900,30334.999,30334.999
2019-06-12,7884.900,8200.000,7788.990,8127.640,41597.083,41597.083
2019-06-13,8127.640,8309.820,8010.030,8218.540,30467.764,30467.764
2019-06-14,8216.440,8684.410,8144.320,8650.000,39835.246,39835.246
2019-06-15,8650.880,8864.990,8567.630,8808.700,31791.636,31791.636
2019-06-16,8810.770,9333.000,8760.000,8953.330,63289.251,63289.251
2019-06-17,8953.000,9444.000,8950.000,9313.960,47895.485,47895.485
2019-06-18,9312.130,9336.360,8950.000,9081.550,51554.569,51554.569
2019-06-19,9081.970,9304.000,8960.000,9255.490,32147.706,32147.706
2019-06-20,9253.760,9590.000,9175.200,9517.120,34556.054,34556.054
2019-06-21,9518.060,10174.990,9518.060,10159.860,50484.416,50484.416
2019-06-22,10159.860,11160.000,9921.720,10729.500,104169.448,104169.448
2019-06-23,10729.000,11392.640,10555.180,10906.070,57445.324,57445.324
2019-06-24,10905.950,11143.630,10620.800,11056.590,43101.045,43101.045
2019-06-25,11056.590,11850.000,11026.000,11820.860,61276.687,61276.687
2019-06-26,11821.280,13970.000,11741.000,13093.800,155930.147,155930.147
2019-06-27,13098.380,13478.040,10525.100,11329.990,173894.821,173894.821
2019-06-28,11329.990,12480.000,10982.880,12400.630,95795.204,95795.204
2019-06-29,12407.060,12441.540,11475.020,11903.130,69642.074,69642.074
2019-06-30,11903.130,12180.000,10766.030,10854.100,84512.530,84512.530
2019-07-01,10854.100,11282.280,10030.000,10624.930,90962.268,90962.268
2019-07-02,10624.900,10938.750,9727.000,10842.850,109561.039,109561.039
2019-07-03,10844.980,11991.890,10841.040,11940.000,96815.900,96815.900
2019-07-04,11940.000,12000.000,11055.000,11145.670,66512.222,66512.222
2019-07-05,11145.670,11406.830,10796.440,10970.730,63534.351,63534.351
2019-07-06,10982.410,11665.000,10964.510,11256.490,51469.496,51469.496
2019-07-07,11256.450,11538.000,11094.370,11406.240,38884.796,38884.796
2019-07-08,11410.000,12338.030,11220.000,12238.600,52182.367,52182.367
2019-07-09,12238.600,12794.730,12068.000,12543.410,78442.130,78442.130
2019-07-10,12548.510,13147.080,11569.000,12108.370,109246.045,109246.045
2019-07-11,12108.110,12111.730,11000.000,11342.890,87506.461,87506.461
2019-07-12,11342.880,11885.000,11073.000,11757.220,56321.858,56321.858
2019-07-13,11757.220,11799.980,10830.000,11355.760,54245.595,54245.595
2019-07-14,11355.780,11452.000,10103.000,10174.180,72517.579,72517.579
2019-07-15,10174.180,11100.000,9860.000,10838.720,81922.426,81922.426
2019-07-16,10833.780,11028.000,9350.010,9439.590,97219.443,97219.443
2019-07-17,9430.170,9957.000,9060.000,9667.920,84942.673,84942.673
2019-07-18,9668.860,10788.000,9252.000,10627.160,80283.310,80283.310
2019-07-19,10628.640,10769.710,10121.840,10504.290,56546.932,56546.932
2019-07-20,10505.780,11068.990,10350.000,10740.230,47331.900,47331.900
2019-07-21,10740.270,10817.900,10288.000,10589.450,38834.288,38834.288
2019-07-22,10590.150,10683.160,10100.000,10340.310,40467.955,40467.955
2019-07-23,10343.080,10343.970,9822.000,9864.910,47624.371,47624.371
2019-07-24,9864.780,9937.000,9525.000,9763.280,43475.380,43475.380
2019-07-25,9763.400,10175.000,9720.030,9879.870,37873.355,37873.355
2019-07-26,9882.150,9889.980,9637.000,9824.000,27167.463,27167.463
2019-07-27,9824.000,10188.660,9333.000,9476.520,43809.778,43809.778
2019-07-28,9478.920,9594.990,9165.000,9541.540,29401.023,29401.023
2019-07-29,9541.540,9729.000,9395.000,9507.640,29021.937,29021.937
2019-07-30,9509.070,9714.280,9402.000,9574.210,32536.369,32536.369
2019-07-31,9575.000,10109.800,9555.000,10080.530,39515.355,39515.355
2019-08-01,10080.530,10467.860,9863.460,10374.990,41727.637,41727.637
2019-08-02,10375.000,10670.000,10281.350,10523.750,42990.444,42990.444
2019-08-03,10523.750,10904.770,10497.930,10816.860,33802.319,33802.319
2019-08-04,10816.860,11040.000,10552.000,10929.230,39924.745,39924.745
2019-08-05,10929.990,11937.520,10927.800,11828.800,65153.674,65153.674
2019-08-06,11830.000,12330.700,11226.700,11481.690,76705.390,76705.390
2019-08-07,11481.690,12141.170,11382.840,11975.030,69173.390,69173.390
2019-08-08,11975.040,12060.000,11521.000,11999.770,51207.257,51207.257
2019-08-09,11994.170,12045.680,11700.000,11879.990,39427.153,39427.153
2019-08-10,11879.980,11985.000,11270.000,11309.310,42633.087,42633.087
2019-08-11,11309.240,11600.000,11112.110,11549.970,26772.907,26772.907
2019-08-12,11539.080,11577.890,11235.320,11396.080,17568.227,17568.227
2019-08-13,11398.350,11456.160,10788.450,10892.710,33234.730,33234.730
2019-08-14,10893.360,10897.480,9928.100,10050.370,54451.847,54451.847
2019-08-15,10055.160,10460.000,9911.000,10293.930,38174.451,38174.451
2019-08-16,10296.770,10536.030,9750.000,10331.540,51758.143,51758.143
2019-08-17,10331.150,10465.140,10000.000,10216.020,29000.581,29000.581
2019-08-18,10216.050,10500.000,10080.000,10306.780,24085.395,24085.395
2019-08-19,10306.170,10930.000,10258.600,10915.540,37243.319,37243.319
2019-08-20,10914.730,10949.960,10560.000,10760.510,32298.922,32298.922
2019-08-21,10760.510,10804.130,9858.000,10142.570,47355.719,47355.719
2019-08-22,10140.820,10242.000,9762.000,10099.880,34059.643,34059.643
2019-08-23,10099.900,10445.000,10019.790,10389.550,27550.336,27550.336
2019-08-24,10388.160,10419.420,9890.000,10134.350,27692.457,27692.457
2019-08-25,10134.610,10333.000,9906.970,10142.690,26271.657,26271.657
2019-08-26,10142.690,10604.000,10137.930,10372.250,41687.512,41687.512
2019-08-27,10373.600,10391.080,10051.080,10185.050,28402.775,28402.775
2019-08-28,10185.690,10299.000,9601.010,9721.000,42110.555,42110.555
2019-08-29,9721.000,9724.000,9320.000,9498.440,35532.695,35532.695
2019-08-30,9499.010,9696.000,9350.410,9584.540,26834.318,26834.318
2019-08-31,9582.760,9684.510,9420.750,9587.470,17130.290,17130.290
2019-09-01,9588.740,9830.000,9520.000,9724.980,19545.405,19545.405
2019-09-02,9723.590,10450.000,9712.500,10340.000,44740.248,44740.248
2019-09-03,10340.000,10773.000,10272.000,10615.280,47998.377,47998.377
2019-09-04,10611.850,10799.000,10369.890,10567.020,43943.889,43943.889
2019-09-05,10565.920,10900.000,10450.000,10564.490,33970.961,33970.961
2019-09-06,10563.130,10905.870,10150.000,10298.730,58799.641,58799.641
2019-09-07,10298.710,10558.000,10288.570,10455.880,27637.877,27637.877
2019-09-08,10455.900,10592.500,10208.000,10381.180,23984.672,23984.672
2019-09-09,10381.240,10480.000,10068.500,10303.120,39835.728,39835.728
2019-09-10,10302.580,10384.990,9953.000,10098.150,28915.412,28915.412
2019-09-11,10098.190,10293.000,9880.000,10158.330,31953.825,31953.825
2019-09-12,10158.750,10448.810,10040.000,10415.010,34511.163,34511.163
2019-09-13,10415.010,10439.000,10153.000,10342.060,30280.340,30280.340
2019-09-14,10344.130,10419.990,10222.330,10335.020,23621.534,23621.534
2019-09-15,10332.810,10360.000,10252.150,10302.010,18047.654,18047.654
2019-09-16,10303.340,10355.000,10078.000,10251.310,28971.402,28971.402
2019-09-17,10249.680,10275.000,10128.010,10187.820,22914.325,22914.325
2019-09-18,10187.480,10258.020,10100.000,10156.990,24250.249,24250.249
2019-09-19,10156.410,10325.000,9653.000,10244.290,44826.283,44826.283
2019-09-20,10243.700,10281.000,10061.390,10168.590,25088.491,25088.491
2019-09-21,10167.920,10176.700,9900.000,9986.390,20544.175,20544.175
2019-09-22,9985.150,10089.000,9853.970,10028.870,22049.275,22049.275
2019-09-23,10028.050,10049.990,9615.770,9702.250,31937.232,31937.232
2019-09-24,9702.200,9794.990,7800.000,8493.140,94007.345,94007.345
2019-09-25,8497.550,8730.000,8215.640,8430.050,60783.892,60783.892
2019-09-26,8430.050,8465.990,7750.000,8063.730,67930.854,67930.854
2019-09-27,8063.490,8265.000,7852.150,8177.910,43882.925,43882.925
2019-09-28,8177.470,8315.000,8001.090,8198.810,34473.605,34473.605
2019-09-29,8199.380,8229.130,7890.000,8043.820,31544.211,31544.211
2019-09-30,8043.040,8337.260,7710.000,8289.340,55865.487,55865.487
2019-10-01,8289.970,8500.000,8173.050,8292.440,43472.418,43472.418
2019-10-02,8292.670,8373.910,8151.220,8359.940,26243.387,26243.387
2019-10-03,8360.000,8393.000,8060.000,8223.960,30488.284,30488.284
2019-10-04,8224.430,8232.410,8005.000,8137.130,26476.330,26476.330
2019-10-05,8137.090,8183.410,8012.980,8126.190,21907.616,21907.616
2019-10-06,8127.550,8153.870,7785.000,7854.250,34676.104,34676.104
2019-10-07,7855.300,8299.920,7762.000,8190.090,52202.072,52202.072
2019-10-08,8190.820,8325.000,8088.750,8168.390,35452.657,35452.657
2019-10-09,8170.790,8670.000,8115.000,8560.740,55038.704,55038.704
2019-10-10,8562.150,8644.000,8414.520,8558.030,39137.946,39137.946
2019-10-11,8557.820,8779.510,8212.380,8258.500,50405.284,50405.284
2019-10-12,8257.950,8400.000,8250.000,8300.090,21339.334,21339.334
2019-10-13,8301.980,8451.370,8160.000,8275.010,27840.740,27840.740
2019-10-14,8275.240,8388.850,8203.000,8348.200,29810.663,29810.663
2019-10-15,8346.860,8403.000,8090.000,8159.290,32773.062,32773.062
2019-10-16,8159.300,8181.160,7917.000,7991.740,34733.594,34733.594
2019-10-17,7995.020,8124.920,7929.030,8070.580,29656.949,29656.949
2019-10-18,8070.710,8115.000,7816.010,7947.010,31353.181,31353.181
2019-10-19,7946.890,8098.100,7866.920,7948.010,26627.889,26627.889
2019-10-20,7949.870,8297.000,7870.000,8223.350,34286.453,34286.453
2019-10-21,8223.350,8333.000,8142.030,8197.270,30448.680,30448.680
2019-10-22,8197.280,8297.990,8000.000,8020.000,34651.829,34651.829
2019-10-23,8020.060,8047.590,7300.000,7466.620,63897.457,63897.457
2019-10-24,7468.470,7503.680,7337.990,7412.410,32714.383,32714.383
2019-10-25,7412.410,8799.000,7361.000,8655.020,90748.218,90748.218
2019-10-26,8655.880,10370.000,8470.380,9230.000,162588.585,162588.585
2019-10-27,9230.000,9794.980,9074.340,9529.930,93833.542,93833.542
2019-10-28,9528.230,9902.100,9160.000,9205.140,80174.217,80174.217
2019-10-29,9204.450,9550.000,9072.000,9407.620,64158.462,64158.462
2019-10-30,9407.620,9409.840,9001.010,9154.720,55241.786,55241.786
2019-10-31,9154.020,9405.000,8913.000,9140.850,54376.025,54376.025
2019-11-01,9140.860,9279.000,9030.000,9231.610,43594.814,43594.814
2019-11-02,9231.400,9373.740,9186.210,9289.520,28923.061,28923.061
2019-11-03,9289.850,9362.570,9066.140,9194.710,27894.378,27894.378
2019-11-04,9196.460,9513.680,9115.840,9393.350,45894.456,45894.456
2019-11-05,9392.400,9454.950,9175.760,9308.660,45935.874,45935.874
2019-11-06,9307.730,9440.910,9250.010,9339.050,37336.170,37336.170
2019-11-07,9339.160,9375.000,9101.000,9216.200,39117.471,39117.471
2019-11-08,9214.000,9261.000,8696.000,8773.730,62107.289,62107.289
2019-11-09,8773.740,8880.000,8724.880,8809.410,29469.481,29469.481
2019-11-10,8809.180,9147.190,8750.000,9039.470,34422.030,34422.030
2019-11-11,9040.160,9072.320,8618.680,8733.270,44888.054,44888.054
2019-11-12,8733.360,8888.000,8567.600,8821.940,40366.629,40366.629
2019-11-13,8821.910,8844.990,8702.000,8777.120,26810.117,26810.117
2019-11-14,8777.540,8800.000,8582.600,8646.680,33468.469,33468.469
2019-11-15,8646.380,8790.000,8400.000,8471.730,46087.418,46087.418
2019-11-16,8471.620,8543.000,8400.000,8491.020,20902.300,20902.300
2019-11-17,8490.740,8635.000,8350.680,8502.400,27009.037,27009.037
2019-11-18,8502.870,8503.520,8060.000,8187.170,43017.691,43017.691
2019-11-19,8186.500,8218.630,8003.000,8133.640,43556.061,43556.061
2019-11-20,8133.830,8264.290,8038.400,8098.010,32466.231,32466.231
2019-11-21,8098.560,8134.730,7500.000,7627.740,58418.780,58418.780
2019-11-22,7627.790,7750.000,6790.000,7268.230,126603.140,126603.140
2019-11-23,7268.230,7344.480,7080.010,7311.570,50449.895,50449.895
2019-11-24,7311.100,7330.390,6861.000,6903.280,67890.206,67890.206
2019-11-25,6900.230,7377.690,6515.000,7109.570,119645.735,119645.735
2019-11-26,7109.990,7340.000,7017.480,7156.140,65722.398,65722.398
2019-11-27,7154.750,7655.000,6840.000,7508.520,92452.873,92452.873
2019-11-28,7507.900,7643.000,7360.000,7419.490,56933.981,56933.981
2019-11-29,7418.520,7850.000,7362.300,7739.680,60745.301,60745.301
2019-11-30,7740.990,7810.000,7441.000,7541.890,46989.434,46989.434
2019-12-01,7540.630,7541.850,7210.000,7390.890,60769.342,60769.342
2019-12-02,7391.500,7420.560,7151.100,7294.280,46330.256,46330.256
2019-12-03,7294.420,7400.000,7241.350,7292.710,33149.477,33149.477
2019-12-04,7292.710,7750.000,7067.000,7194.320,83147.149,83147.149
2019-12-05,7194.590,7485.000,7150.000,7389.000,59306.679,59306.679
2019-12-06,7389.000,7590.030,7305.000,7527.470,48189.088,48189.088
2019-12-07,7527.800,7619.620,7470.160,7488.210,31498.684,31498.684
2019-12-08,7487.310,7564.000,7374.860,7510.110,29856.898,29856.898
2019-12-09,7510.110,7650.000,7273.000,7338.640,46621.887,46621.887
2019-12-10,7338.640,7407.600,7157.100,7224.130,49723.762,49723.762
2019-12-11,7224.150,7275.500,7125.660,7210.000,30093.092,30093.092
2019-12-12,7210.000,7295.000,7080.300,7198.080,42288.601,42288.601
2019-12-13,7197.760,7309.050,7190.760,7258.480,27609.874,27609.874
2019-12-14,7257.370,7271.770,7012.000,7064.050,29561.986,29561.986
2019-12-15,7064.140,7200.300,7008.350,7118.590,26395.778,26395.778
2019-12-16,7119.600,7150.000,6836.000,6891.720,43863.993,43863.993
2019-12-17,6891.440,6942.210,6560.000,6623.820,53865.070,53865.070
2019-12-18,6623.840,7440.000,6435.000,7277.830,95636.651,95636.651
2019-12-19,7277.830,7380.000,7038.310,7150.300,55509.049,55509.049
2019-12-20,7151.310,7220.000,7079.500,7187.830,32132.069,32132.069
2019-12-21,7188.010,7190.580,7105.000,7132.750,19467.174,19467.174
2019-12-22,7131.590,7518.540,7122.470,7501.440,39137.455,39137.455
2019-12-23,7500.710,7695.380,7265.840,7317.090,68051.997,68051.997
2019-12-24,7317.300,7436.680,7157.040,7255.770,43629.494,43629.494
2019-12-25,7255.770,7271.770,7128.860,7204.630,27492.044,27492.044
2019-12-26,7205.010,7435.000,7157.120,7202.000,36259.761,36259.761
2019-12-27,7202.000,7275.860,7076.420,7254.740,33642.702,33642.702
2019-12-28,7254.770,7365.010,7238.670,7316.140,26848.982,26848.982
2019-12-29,7315.360,7528.450,7288.000,7388.240,31387.106,31387.106
2019-12-30,7388.430,7408.240,7220.000,7246.000,29605.912,29605.912
2019-12-31,7246.000,7320.000,7145.010,7195.230,25954.454,25954.454
2020-01-01,7195.240,7255.000,7175.150,7200.850,16792.388,16792.388
2020-01-02,7200.770,7212.500,6924.740,6965.710,31951.484,31951.484
2020-01-03,6965.490,7405.000,6871.040,7344.960,68428.500,68428.500
2020-01-04,7345.000,7404.000,7272.210,7354.110,29987.975,29987.975
2020-01-05,7354.190,7495.000,7318.000,7358.750,38331.086,38331.086
2020-01-06,7357.640,7795.340,7346.760,7758.000,54635.695,54635.695
2020-01-07,7758.900,8207.680,7723.710,8145.280,91171.685,91171.685
2020-01-08,8145.920,8455.000,7870.000,8055.980,112622.643,112622.643
2020-01-09,8054.720,8055.960,7750.000,7817.760,64239.520,64239.520
2020-01-10,7817.740,8199.000,7672.000,8197.020,82406.777,82406.777
2020-01-11,8198.860,8286.340,8003.160,8020.010,54810.033,54810.033
2020-01-12,8020.010,8197.000,7960.000,8184.980,38131.494,38131.494
2020-01-13,8184.970,8196.000,8055.890,8110.340,31159.756,31159.756
2020-01-14,8110.340,8880.000,8105.540,8810.010,120399.127,120399.127
2020-01-15,8814.640,8916.480,8564.000,8821.410,84816.298,84816.298
2020-01-16,8820.010,8859.810,8586.000,8720.010,51991.074,51991.074
2020-01-17,8720.150,9041.650,8672.440,8913.280,70897.737,70897.737
2020-01-18,8913.270,8988.880,8806.380,8915.960,38294.747,38294.747
2020-01-19,8915.090,9198.980,8466.000,8701.700,70676.889,70676.889
2020-01-20,8701.720,8746.990,8521.280,8642.350,38896.640,38896.640
2020-01-21,8642.350,8789.000,8488.000,8736.030,36494.688,36494.688
2020-01-22,8736.040,8818.000,8590.000,8682.360,29080.557,29080.557
2020-01-23,8682.770,8691.810,8306.390,8404.520,48165.945,48165.945
2020-01-24,8404.520,8528.020,8238.000,8439.000,41687.530,41687.530
2020-01-25,8438.990,8451.260,8254.900,8340.580,25521.158,25521.158
2020-01-26,8340.010,8618.130,8293.660,8615.000,31130.485,31130.485
2020-01-27,8614.390,9000.000,8535.000,8907.570,53973.543,53973.543
2020-01-28,8907.570,9400.000,8862.400,9374.210,74584.854,74584.854
2020-01-29,9375.340,9449.240,9216.000,9301.530,53864.065,53864.065
2020-01-30,9301.570,9578.000,9204.440,9513.210,60626.744,60626.744
2020-01-31,9511.520,9530.220,9210.010,9352.890,45552.022,45552.022
2020-02-01,9351.710,9464.530,9281.000,9384.610,28578.067,28578.067
2020-02-02,9384.410,9477.030,9120.000,9331.510,45690.913,45690.913
2020-02-03,9331.590,9618.790,9234.000,9292.240,50892.133,50892.133
2020-02-04,9291.350,9350.000,9093.010,9197.020,53308.175,53308.175
2020-02-05,9197.020,9744.450,9177.220,9612.040,64870.416,64870.416
2020-02-06,9612.030,9862.570,9526.350,9772.000,64949.707,64949.707
2020-02-07,9772.000,9885.000,9730.000,9813.730,43966.115,43966.115
2020-02-08,9813.870,9940.000,9667.110,9895.050,43600.844,43600.844
2020-02-09,9895.040,10166.000,9880.750,10151.750,43408.476,43408.476
2020-02-10,10151.720,10188.000,9756.000,9851.830,59573.085,59573.085
2020-02-11,9851.740,10323.590,9700.000,10223.080,62422.395,62422.395
2020-02-12,10223.080,10450.000,10223.080,10326.460,61008.064,61008.064
2020-02-13,10325.330,10500.000,10080.000,10229.630,79344.359,79344.359
2020-02-14,10227.780,10381.560,10111.370,10344.360,47038.480,47038.480
2020-02-15,10344.360,10375.000,9801.000,9904.720,57657.203,57657.203
2020-02-16,9904.460,10050.000,9638.120,9917.270,60024.000,60024.000
2020-02-17,9910.700,9964.160,9452.670,9706.000,70261.012,70261.012
2020-02-18,9706.000,10250.000,9576.010,10164.710,70604.124,70604.124
2020-02-19,10164.780,10250.000,9350.000,9593.790,55162.587,55162.587
2020-02-20,9594.650,9699.000,9400.000,9596.420,60152.343,60152.343
2020-02-21,9597.210,9755.510,9550.210,9677.050,42181.555,42181.555
2020-02-22,9677.050,9709.170,9660.300,9699.380,547.323,547.323
